y_coord,x_coord
0,125
0,350
1,125
1,350
2,125
2,350
3,125
3,350
4,125
4,350
5,125
5,350
6,125
6,350
7,125
7,350
8,125
8,350
9,125
9,350
10,125
10,350
11,125
11,350
12,125
12,350
13,125
13,350
14,125
14,349
15,125
15,349
16,125
16,349
17,125
17,349
18,125
18,349
19,125
19,349
20,125
20,349
21,126
21,349
22,126
22,349
23,126
23,349
24,126
24,341
24,342
24,343
24,344
24,345
24,346
24,347
24,348
25,126
25,340
26,126
26,339
27,125
27,339
28,125
28,339
29,125
29,339
30,125
30,340
30,341
30,342
30,343
30,344
30,345
30,346
30,347
30,348
30,349
30,350
31,125
31,351
32,125
32,352
33,125
33,352
34,125
34,352
35,125
35,352
36,125
36,352
37,125
37,352
38,125
38,352
39,125
39,352
40,125
40,352
41,125
41,352
42,125
42,352
43,125
43,352
44,124
44,352
45,124
45,352
46,124
46,352
47,124
47,352
48,124
48,352
49,124
49,352
50,124
50,352
51,124
51,352
52,124
52,343
52,344
52,345
52,346
52,347
52,348
52,349
52,350
52,351
52,352
53,124
53,342
54,123
54,341
55,123
55,341
56,123
56,341
57,123
57,341
58,122
58,341
59,122
59,341
60,122
60,341
61,122
61,341
62,122
62,341
63,122
63,341
64,122
64,341
65,122
65,341
66,122
66,341
67,122
67,341
68,122
68,341
69,122
69,341
70,121
70,342
71,121
71,342
72,121
72,342
73,121
73,343
74,121
74,343
75,121
75,344
76,121
76,344
77,121
77,344
78,120
78,345
79,120
79,345
80,119
80,346
81,119
81,346
82,119
82,346
83,119
83,346
84,119
84,346
85,119
85,346
86,119
86,347
87,119
87,347
88,118
88,348
89,118
89,349
89,350
90,117
90,351
90,352
91,116
91,117
91,352
91,353
92,116
92,353
93,115
93,354
94,115
94,354
95,115
95,354
96,114
96,355
97,114
97,355
97,356
97,357
97,358
97,359
97,360
97,361
97,362
97,363
97,364
97,365
98,114
98,366
99,113
99,366
100,112
100,113
100,366
101,110
101,111
101,367
101,368
101,369
101,370
102,110
102,371
102,372
103,109
103,372
104,108
104,109
104,372
105,108
105,372
106,107
106,372
107,107
107,372
108,106
108,107
108,372
109,105
109,106
109,373
109,374
109,375
109,376
109,377
109,378
109,379
109,380
109,381
110,104
110,105
110,382
111,102
111,103
111,383
112,101
112,102
112,383
112,384
113,101
113,385
113,386
114,100
114,386
115,99
115,100
115,386
116,97
116,98
116,386
117,95
117,96
117,386
118,94
118,95
118,386
119,93
119,94
119,386
120,92
120,93
120,386
121,91
121,92
121,386
122,89
122,90
122,387
122,388
122,389
122,390
122,391
122,392
122,393
122,394
122,395
122,396
123,88
123,89
123,397
123,398
124,87
124,88
124,399
125,85
125,86
125,400
126,84
126,85
126,400
127,83
127,84
127,401
128,82
128,83
128,402
129,80
129,81
129,402
130,79
130,80
130,402
131,77
131,78
131,402
132,76
132,77
132,402
133,75
133,76
133,402
134,73
134,74
134,402
135,71
135,72
135,403
135,404
135,405
135,406
135,407
135,408
135,409
135,410
135,411
135,412
136,70
136,71
136,413
136,414
137,68
137,69
137,415
137,416
138,67
138,68
138,416
139,65
139,66
139,416
140,63
140,64
140,416
141,62
141,416
142,61
142,416
143,59
143,60
143,416
144,58
144,59
144,416
145,57
145,58
145,416
146,55
146,56
146,417
146,418
146,419
146,420
146,421
146,422
146,423
146,424
146,425
146,426
146,427
146,428
146,429
146,430
147,54
147,55
147,431
147,432
148,53
148,54
148,433
148,434
149,52
149,53
149,434
149,435
150,52
150,435
150,436
151,48
151,49
151,50
151,51
151,437
151,438
152,46
152,47
152,438
152,439
153,44
153,45
153,440
154,41
154,42
154,43
154,441
155,39
155,40
155,442
155,443
156,37
156,38
156,443
157,36
157,37
157,443
158,35
158,36
158,443
159,34
159,35
159,443
160,33
160,34
160,443
161,31
161,32
161,443
162,27
162,28
162,29
162,30
162,31
162,443
163,25
163,26
163,443
164,24
164,25
164,443
164,451
164,452
164,453
164,454
164,455
164,456
164,457
164,458
164,459
164,460
164,461
164,462
165,23
165,24
165,443
165,449
165,450
165,463
165,464
166,22
166,23
166,443
166,449
166,464
166,465
167,21
167,22
167,443
167,448
167,465
167,466
168,19
168,20
168,443
168,448
168,466
168,467
169,19
169,444
169,448
169,467
169,468
170,18
170,444
170,445
170,448
170,468
170,469
171,18
171,445
171,446
171,447
171,448
171,470
171,471
172,18
172,471
172,472
173,18
173,473
173,474
173,475
174,18
174,476
174,477
174,478
175,18
175,479
175,480
175,481
175,482
176,18
176,483
176,484
177,18
177,485
177,486
178,18
178,486
178,487
179,0
179,1
179,2
179,3
179,4
179,5
179,6
179,7
179,8
179,9
179,10
179,11
179,12
179,18
179,487
179,488
180,13
180,18
180,488
181,13
181,18
181,489
182,13
182,18
182,489
182,490
183,13
183,18
183,491
183,492
183,493
183,494
184,13
184,18
184,495
184,496
185,13
185,18
185,496
185,497
186,13
186,17
186,18
186,498
186,499
187,13
187,16
187,17
187,499
187,500
188,13
188,15
188,16
188,501
188,502
189,13
189,15
189,503
189,504
190,504
190,505
191,505
192,505
193,505
194,506
194,507
194,508
194,509
194,510
194,511
314,236
314,237
314,238
314,239
314,240
314,241
314,242
315,229
315,230
315,231
315,232
315,233
315,234
315,235
315,243
315,244
315,245
315,246
315,247
316,224
316,225
316,226
316,227
316,228
316,248
316,249
316,250
316,251
317,221
317,222
317,223
317,252
317,253
317,254
318,216
318,217
318,218
318,219
318,220
318,255
318,256
318,257
319,214
319,215
319,258
319,259
320,212
320,213
320,260
320,261
321,207
321,208
321,209
321,210
321,211
321,261
321,262
321,263
322,205
322,206
322,264
322,265
323,204
323,205
323,266
323,267
323,268
323,269
324,203
324,204
324,270
324,271
325,202
325,203
325,272
325,273
326,200
326,201
326,202
326,274
326,275
326,276
327,197
327,198
327,199
327,277
327,278
328,195
328,196
328,279
328,280
328,281
329,193
329,194
329,282
329,283
329,284
329,285
330,191
330,192
330,286
330,287
331,187
331,188
331,189
331,190
331,287
331,288
332,184
332,185
332,186
332,288
332,289
333,176
333,177
333,178
333,179
333,180
333,181
333,182
333,183
333,289
333,290
334,175
334,291
334,292
335,174
335,293
335,294
335,295
335,296
336,174
336,297
336,298
337,173
337,299
337,300
338,172
338,173
338,300
338,301
339,170
339,171
339,172
339,301
339,302
339,303
339,304
339,305
339,306
339,307
340,168
340,169
340,308
340,309
341,167
341,168
341,309
342,165
342,166
342,310
343,161
343,162
343,163
343,164
343,165
343,310
343,311
344,159
344,160
344,311
344,312
345,157
345,158
345,312
345,313
345,314
345,315
346,156
346,157
346,316
346,317
347,152
347,153
347,154
347,155
347,318
347,319
347,320
347,321
348,150
348,151
348,322
348,323
349,148
349,149
349,323
349,324
350,146
350,147
350,325
350,326
350,327
350,328
350,329
351,145
351,146
351,330
351,331
352,137
352,138
352,139
352,140
352,141
352,142
352,143
352,144
352,145
352,332
352,333
353,136
353,333
353,334
354,135
354,335
354,336
355,135
355,337
355,338
356,135
356,338
356,339
357,134
357,135
357,339
357,340
358,131
358,132
358,133
358,134
358,340
358,341
359,129
359,130
359,341
359,342
359,343
360,128
360,129
360,344
360,345
361,126
361,127
361,345
361,346
362,125
362,126
362,347
362,348
363,123
363,124
363,349
363,350
364,121
364,122
364,351
364,352
365,121
365,352
365,353
366,120
366,353
366,354
367,119
367,120
367,354
367,355
368,113
368,114
368,115
368,116
368,117
368,118
368,119
368,355
368,356
369,112
369,357
369,358
370,111
370,359
370,360
370,361
370,362
370,363
371,111
371,364
371,365
372,110
372,366
372,367
373,104
373,105
373,106
373,107
373,108
373,109
373,367
374,103
374,367
375,102
375,367
376,99
376,100
376,101
376,367
377,97
377,98
377,367
378,97
378,368
379,96
379,368
379,369
379,370
379,371
379,372
379,373
380,93
380,94
380,95
380,374
381,91
381,92
381,375
382,89
382,90
382,376
382,377
382,378
382,379
382,380
383,89
383,381
